John Doe,012108,100,112233
Jane Doe,932012,30,112244
name1,123456,100,123456
name2,123457,90,123456
name3,123458,80,123456
name4,123459,70,123456
name5,123450,60,123456
name6,654321,50,123456
name7,654322,60,123456
name8,654323,70,123456
name9,654324,80,123456
name10,654325,90,123456
name11,654326,100,123456
name12,654327,110,123456
name13,654328,120,123456
name14,654329,130,123456
name15,654320,10,123456
name16,432156,20,123456
name17,432155,30,123456
name18,432154,40,123456
name19,432153,50,123456
name19,432152,60,123456